model,latest_round_score,avr4,avr6,rounds_count,next_weight_suggested
Torch,99.16666666666667,99.16666666666667,99.16666666666667,1,99.16666666666667
GARCH,97.75,97.75,97.75,1,97.75
RW,96.75,96.75,96.75,1,96.75
ETS,96.75,96.75,96.75,1,96.75
DYNAMIX,96.6875,96.6875,96.6875,1,96.6875
VAR,96.0,96.0,96.0,1,96.0
PCE,93.875,93.875,93.875,1,93.875
ARIMAX,91.1875,91.1875,91.1875,1,91.1875
LSTM,87.5,87.5,87.5,1,87.5
