round_id,model,weight_raw,weight_norm,avr4,avr6,rounds_count,rank,weights_status,source_round_state,generated_at
26-1-09,Torch,99.16666666666667,0.11589403973509933,99.16666666666667,99.16666666666667,1,1.0,final,FINAL_TPLUS3,2026-02-28 10:21:09
26-1-09,DYNAMIX,96.6875,0.11299668874172185,96.6875,96.6875,1,5.0,final,FINAL_TPLUS3,2026-02-28 10:21:09
26-1-09,ARIMAX,91.1875,0.10656895208414491,91.1875,91.1875,1,8.0,final,FINAL_TPLUS3,2026-02-28 10:21:09
26-1-09,PCE,93.875,0.10970977795091545,93.875,93.875,1,7.0,final,FINAL_TPLUS3,2026-02-28 10:21:09
26-1-09,LSTM,87.5,0.10225944682508764,87.5,87.5,1,9.0,final,FINAL_TPLUS3,2026-02-28 10:21:09
26-1-09,GARCH,97.75,0.11423841059602648,97.75,97.75,1,2.0,final,FINAL_TPLUS3,2026-02-28 10:21:09
26-1-09,VAR,96.0,0.11219322165952472,96.0,96.0,1,6.0,final,FINAL_TPLUS3,2026-02-28 10:21:09
26-1-09,RW,96.75,0.11306973120373977,96.75,96.75,1,3.0,final,FINAL_TPLUS3,2026-02-28 10:21:09
26-1-09,ETS,96.75,0.11306973120373977,96.75,96.75,1,3.0,final,FINAL_TPLUS3,2026-02-28 10:21:09
